Date,Product,Category,Region,Units Sold,Revenue,Customer Rating
2026-01-05,Laptop,Electronics,Nagpur,8,480000,4.5
2026-01-08,Smartphone,Electronics,Mumbai,15,450000,4.2
2026-01-12,Headphones,Accessories,Pune,22,110000,4.6
2026-01-15,Tablet,Electronics,Delhi,10,320000,4.1
2026-01-20,Smartwatch,Wearables,Bangalore,18,270000,4.4
2026-02-03,Laptop,Electronics,Nagpur,12,720000,4.6
2026-02-08,Smartphone,Electronics,Mumbai,19,570000,4.3
2026-02-14,Headphones,Accessories,Pune,25,125000,4.7
2026-02-20,Tablet,Electronics,Delhi,14,448000,4.2
2026-02-25,Smartwatch,Wearables,Bangalore,21,315000,4.5
2026-03-02,Laptop,Electronics,Nagpur,15,900000,4.7
2026-03-07,Smartphone,Electronics,Mumbai,23,690000,4.4
2026-03-12,Headphones,Accessories,Pune,28,140000,4.8
2026-03-18,Tablet,Electronics,Delhi,16,512000,4.3
2026-03-25,Smartwatch,Wearables,Bangalore,24,360000,4.6
2026-04-01,Laptop,Electronics,Nagpur,18,1080000,4.8
2026-04-08,Smartphone,Electronics,Mumbai,26,780000,4.5
2026-04-15,Headphones,Accessories,Pune,31,155000,4.7
2026-04-22,Tablet,Electronics,Delhi,19,608000,4.4
2026-04-28,Smartwatch,Wearables,Bangalore,27,405000,4.7
